Emp ID,Name,Email,Date,In Time,Out Time
E101,Arun Kumar,arun@example.com,2026-09-14,09:00,18:00
E101,Arun Kumar,arun@example.com,2026-09-15,09:00,18:00
E101,Arun Kumar,arun@example.com,2026-09-16,09:00,18:00
E101,Arun Kumar,arun@example.com,2026-09-17,09:00,18:00
E101,Arun Kumar,arun@example.com,2026-09-18,09:00,18:00
E102,Priya Lakshmi,priya@example.com,2026-09-14,09:30,15:30
E102,Priya Lakshmi,priya@example.com,2026-09-15,09:30,15:30
E102,Priya Lakshmi,priya@example.com,2026-09-16,09:30,15:30
E102,Priya Lakshmi,priya@example.com,2026-09-17,09:30,15:30
E102,Priya Lakshmi,priya@example.com,2026-09-18,09:30,15:30
E103,Karthik Raja,karthik@example.com,2026-09-14,09:00,17:30
E103,Karthik Raja,karthik@example.com,2026-09-15,09:00,17:30
E103,Karthik Raja,karthik@example.com,2026-09-16,09:00,17:30
E103,Karthik Raja,karthik@example.com,2026-09-17,09:00,17:30
E103,Karthik Raja,karthik@example.com,2026-09-18,09:05,
E104,Meena Devi,meena@example.com,2026-09-14,09:00,17:00
E104,Meena Devi,meena@example.com,2026-09-15,09:00,17:00
E104,Meena Devi,meena@example.com,2026-09-16,09:00,17:00
E104,Meena Devi,meena@example.com,2026-09-17,09:00,17:00
E104,Meena Devi,meena@example.com,2026-09-18,09:00,17:00
